Date,High,Low,Open,Close,Volume,Adj Close
2019-05-09,124000.0,119000.0,122500.0,119000.0,799208.0,118582.21875
2019-05-10,123000.0,120000.0,120500.0,122500.0,474352.0,122069.9296875
2019-05-13,124000.0,121500.0,121500.0,122500.0,343827.0,122069.9296875
2019-05-14,123500.0,119500.0,121000.0,122000.0,532037.0,121571.6796875
2019-05-15,123000.0,120000.0,121500.0,120000.0,460936.0,119578.7109375
2019-05-16,121000.0,118000.0,120500.0,119000.0,484468.0,118582.21875
2019-05-17,123500.0,118500.0,120000.0,121000.0,439545.0,120575.1953125
2019-05-20,121500.0,118000.0,121500.0,118500.0,449916.0,118083.96875
2019-05-21,119500.0,113500.0,117500.0,114500.0,603105.0,114098.015625
2019-05-22,115000.0,111000.0,115000.0,113000.0,567069.0,112603.28125
2019-05-23,114000.0,110000.0,112500.0,113000.0,545497.0,112603.28125
2019-05-24,115000.0,112500.0,113000.0,113500.0,408081.0,113101.53125
2019-05-27,113000.0,109500.0,112500.0,110500.0,369902.0,110112.0546875
2019-05-28,112500.0,108500.0,109500.0,108500.0,1490526.0,108119.078125
2019-05-29,111000.0,108500.0,109000.0,109500.0,515196.0,109115.5703125
2019-05-30,114000.0,109500.0,110000.0,112000.0,378379.0,111606.7890625
2019-05-31,112500.0,110000.0,111500.0,111500.0,310649.0,111108.546875
2019-06-03,115000.0,112000.0,113000.0,115000.0,391824.0,114596.2578125
2019-06-04,114500.0,110500.0,114000.0,111000.0,531826.0,110610.3046875
2019-06-05,112500.0,109500.0,112000.0,110500.0,471689.0,110112.0546875
2019-06-07,112000.0,110000.0,110000.0,111000.0,386800.0,110610.3046875
2019-06-10,114500.0,111000.0,111500.0,114000.0,464590.0,113599.7734375
2019-06-11,114500.0,112500.0,114000.0,113000.0,423258.0,112603.28125
2019-06-12,114500.0,112000.0,112000.0,114000.0,354664.0,113599.7734375
2019-06-13,115500.0,112000.0,114500.0,113000.0,551067.0,112603.28125
2019-06-14,113000.0,110500.0,112000.0,111500.0,553083.0,111108.546875
2019-06-17,111500.0,110000.0,111500.0,110500.0,475346.0,110112.0546875
2019-06-18,110000.0,106500.0,109500.0,109000.0,791946.0,108617.328125
2019-06-19,110000.0,107000.0,110000.0,110000.0,483689.0,109613.8203125
2019-06-20,112000.0,109000.0,110000.0,111500.0,282163.0,111108.546875
2019-06-21,115000.0,111500.0,112500.0,113000.0,555965.0,112603.28125
2019-06-24,113500.0,112000.0,113000.0,113500.0,254210.0,113101.53125
2019-06-25,116000.0,113000.0,114000.0,114500.0,473961.0,114098.015625
2019-06-26,116500.0,114000.0,114500.0,115500.0,300077.0,115094.5078125
2019-06-27,116000.0,113000.0,115500.0,115000.0,375582.0,114596.2578125
2019-06-28,115500.0,112500.0,114500.0,114000.0,267404.0,113599.7734375
2019-07-01,115500.0,114000.0,114500.0,114500.0,306736.0,114098.015625
2019-07-02,115500.0,112000.0,114000.0,115000.0,273980.0,114596.2578125
2019-07-03,118500.0,115000.0,116000.0,117500.0,408701.0,117087.484375
2019-07-04,119500.0,116000.0,116000.0,118000.0,355658.0,117585.734375
2019-07-05,121500.0,118500.0,118500.0,121000.0,409700.0,120575.1953125
2019-07-08,121000.0,118000.0,120500.0,118500.0,306897.0,118083.96875
2019-07-09,120000.0,115000.0,118000.0,115500.0,460058.0,115094.5078125
2019-07-10,119000.0,115500.0,116500.0,115500.0,267438.0,115094.5078125
2019-07-11,118000.0,115500.0,115500.0,117000.0,293389.0,116589.2421875
2019-07-12,118500.0,116500.0,117000.0,117000.0,160685.0,116589.2421875
2019-07-15,120000.0,116500.0,118000.0,118000.0,263893.0,117585.734375
2019-07-16,120500.0,117500.0,119000.0,120000.0,391260.0,119578.7109375
2019-07-17,120000.0,118000.0,120000.0,119000.0,205316.0,118582.21875
2019-07-18,122000.0,118500.0,118500.0,120500.0,267715.0,120076.953125
2019-07-19,123000.0,121000.0,121000.0,122500.0,445122.0,122069.9296875
2019-07-22,122500.0,120500.0,122000.0,121000.0,346897.0,120575.1953125
2019-07-23,123000.0,122000.0,122500.0,122500.0,358255.0,122069.9296875
2019-07-24,124500.0,122500.0,122500.0,123500.0,606769.0,123066.421875
2019-07-25,134500.0,125000.0,125500.0,134000.0,1635774.0,133529.5625
2019-07-26,142000.0,136500.0,137500.0,141000.0,1440686.0,140504.984375
2019-07-29,141000.0,137000.0,139500.0,138500.0,583629.0,138013.765625
2019-07-30,140500.0,136500.0,140000.0,138500.0,364674.0,138013.765625
2019-07-31,139500.0,136000.0,139000.0,138000.0,361525.0,137515.515625
2019-08-01,141500.0,138500.0,139500.0,140500.0,460049.0,140006.734375
2019-08-02,142500.0,138500.0,139000.0,142000.0,484009.0,141501.46875
2019-08-05,142000.0,135500.0,141000.0,138000.0,733982.0,137515.515625
2019-08-06,140000.0,132000.0,134000.0,138500.0,610095.0,138013.765625
2019-08-07,139500.0,136000.0,139000.0,137500.0,336416.0,137017.265625
2019-08-08,142000.0,136500.0,139500.0,140000.0,496443.0,139508.5
2019-08-09,145000.0,140500.0,142000.0,142500.0,368133.0,141999.71875
2019-08-12,144500.0,140500.0,142500.0,140500.0,217292.0,140006.734375
2019-08-13,144500.0,138500.0,139000.0,142500.0,352863.0,141999.71875
2019-08-14,143000.0,138500.0,142500.0,139000.0,433070.0,138512.0
2019-08-16,140500.0,137500.0,138500.0,139500.0,351686.0,139010.234375
2019-08-19,141000.0,138000.0,139000.0,139000.0,487500.0,138512.0
2019-08-20,145500.0,139000.0,139000.0,145500.0,556246.0,144989.1875
2019-08-21,148500.0,142500.0,144500.0,147500.0,514109.0,146982.15625
2019-08-22,150500.0,147500.0,148000.0,148000.0,499537.0,147480.40625
2019-08-23,149000.0,145500.0,149000.0,148500.0,491690.0,147978.640625
2019-08-26,147000.0,143000.0,145500.0,143500.0,423695.0,142996.203125
2019-08-27,147500.0,141500.0,144000.0,146500.0,904199.0,145985.671875
2019-08-28,147500.0,144500.0,146500.0,146500.0,309159.0,145985.671875
2019-08-29,146500.0,143500.0,146500.0,145000.0,408164.0,144490.9375
2019-08-30,149000.0,144500.0,146000.0,146500.0,424498.0,145985.671875
2019-09-02,156000.0,147500.0,156000.0,150000.0,371788.0,149473.390625
2019-09-03,151500.0,149000.0,151500.0,150500.0,308863.0,149971.625
2019-09-04,151000.0,149000.0,149500.0,151000.0,351494.0,150469.875
2019-09-05,151000.0,145000.0,150000.0,147000.0,548033.0,146483.921875
2019-09-06,150000.0,145500.0,146000.0,149500.0,223250.0,148975.140625
2019-09-09,154000.0,148500.0,149500.0,153000.0,464232.0,152462.84375
2019-09-10,153000.0,150000.0,153000.0,150500.0,297053.0,149971.625
2019-09-11,154000.0,150000.0,150500.0,153500.0,738431.0,152961.09375
2019-09-16,156500.0,153500.0,154500.0,154500.0,449618.0,153957.59375
2019-09-17,155500.0,153000.0,153000.0,155000.0,304106.0,154455.828125
2019-09-18,159500.0,155500.0,156000.0,159000.0,465208.0,158441.78125
2019-09-19,158000.0,156000.0,157000.0,157500.0,377446.0,156947.046875
2019-09-20,158000.0,156000.0,156000.0,157000.0,390181.0,156448.8125
2019-09-23,158000.0,155500.0,157500.0,157000.0,204570.0,156448.8125
2019-09-24,158500.0,155500.0,157000.0,158000.0,195994.0,157445.296875
2019-09-25,159000.0,155500.0,155500.0,158000.0,274586.0,157445.296875
2019-09-26,159000.0,156500.0,157500.0,158000.0,313084.0,157445.296875
2019-09-27,158500.0,154500.0,158500.0,156000.0,241249.0,155452.328125
2019-09-30,157500.0,154500.0,155000.0,157000.0,313910.0,156448.8125
2019-10-01,160000.0,157000.0,157500.0,160000.0,260668.0,159438.265625
2019-10-02,160000.0,156500.0,159000.0,157000.0,203708.0,156448.8125
2019-10-04,159000.0,148500.0,155500.0,150500.0,602642.0,149971.625
2019-10-07,153500.0,150000.0,150500.0,153000.0,387749.0,152462.84375
2019-10-08,154500.0,151500.0,154500.0,153500.0,250805.0,152961.09375
2019-10-10,155500.0,150500.0,151500.0,153500.0,404228.0,152961.09375
2019-10-11,157000.0,153500.0,156500.0,156000.0,216730.0,155452.328125
2019-10-14,156500.0,153500.0,156000.0,156000.0,246407.0,155452.328125
2019-10-15,156500.0,150500.0,156500.0,151500.0,297569.0,150968.125
2019-10-16,155000.0,151000.0,151500.0,154500.0,280882.0,153957.59375
2019-10-17,156500.0,152000.0,155000.0,153000.0,280276.0,152462.84375
2019-10-18,153500.0,150000.0,151500.0,150500.0,245740.0,149971.625
2019-10-21,153500.0,149000.0,151500.0,152000.0,245735.0,151466.359375
2019-10-22,154500.0,150500.0,150500.0,154000.0,360102.0,153459.34375
2019-10-23,153500.0,151500.0,152000.0,152500.0,226744.0,151964.609375
2019-10-24,153000.0,150500.0,151500.0,153000.0,224666.0,152462.84375
2019-10-25,153500.0,151000.0,151000.0,152500.0,162510.0,151964.609375
2019-10-28,158000.0,152500.0,152500.0,157000.0,335238.0,156448.8125
2019-10-29,158000.0,152000.0,157500.0,153000.0,321007.0,152462.84375
2019-10-30,154500.0,151500.0,152000.0,154500.0,290658.0,153957.59375
2019-10-31,167000.0,157500.0,159000.0,164000.0,1409619.0,163424.234375
2019-11-01,168500.0,164000.0,166000.0,167000.0,720358.0,166413.6875
2019-11-04,167000.0,162000.0,165500.0,164500.0,455199.0,163922.46875
2019-11-05,164500.0,159500.0,164000.0,161500.0,662116.0,160933.015625
2019-11-06,164000.0,160500.0,161500.0,161500.0,332755.0,160933.015625
2019-11-07,166500.0,161000.0,162000.0,165500.0,390866.0,164918.96875
2019-11-08,165000.0,162000.0,165000.0,163500.0,306968.0,162925.984375
2019-11-11,165000.0,162500.0,163500.0,163000.0,231149.0,162427.75
2019-11-12,164000.0,160000.0,164000.0,162000.0,236652.0,161431.25
2019-11-13,159000.0,156000.0,158500.0,158000.0,500221.0,157445.296875
2019-11-15,179000.0,173000.0,177000.0,173500.0,886846.0,172890.875
2019-11-18,181500.0,172500.0,177500.0,178500.0,876975.0,177873.3125
2019-11-19,176000.0,169500.0,174500.0,170500.0,1055749.0,169901.40625
2019-11-20,174000.0,168000.0,170500.0,169500.0,602206.0,168904.9375
2019-11-21,172500.0,168000.0,169000.0,170000.0,543754.0,169403.171875
2019-11-22,171000.0,165500.0,169500.0,167500.0,481529.0,166911.953125
2019-11-25,174500.0,167000.0,168000.0,174000.0,490795.0,173389.125
2019-11-26,175500.0,171500.0,173500.0,173000.0,774461.0,172392.640625
2019-11-27,175500.0,172000.0,175000.0,172500.0,299949.0,171894.390625
2019-11-28,174500.0,170000.0,172500.0,173000.0,252885.0,172392.640625
2019-11-29,173500.0,168500.0,173000.0,172000.0,349615.0,171396.15625
2019-12-02,175000.0,170000.0,172500.0,171500.0,275601.0,170897.890625
2019-12-03,173500.0,168500.0,170500.0,172000.0,245675.0,171396.15625
2019-12-04,175500.0,171000.0,172000.0,174500.0,228851.0,173887.375
2019-12-05,174000.0,170000.0,173000.0,170500.0,271499.0,169901.40625
2019-12-06,174500.0,170500.0,172000.0,174000.0,208849.0,173389.125
2019-12-09,175500.0,173000.0,174000.0,175000.0,271990.0,174385.609375
2019-12-10,175500.0,173000.0,174500.0,174500.0,215711.0,173887.375
2019-12-11,175500.0,173500.0,175000.0,174000.0,200711.0,173389.125
2019-12-12,176500.0,173000.0,174500.0,175500.0,609714.0,174883.859375
2019-12-13,177500.0,173000.0,177500.0,175500.0,317833.0,174883.859375
2019-12-16,180000.0,174000.0,175000.0,179500.0,335819.0,178869.8125
2019-12-17,181000.0,178000.0,180000.0,180500.0,370752.0,179866.296875
2019-12-18,180000.0,175000.0,180000.0,178500.0,310567.0,177873.3125
2019-12-19,179500.0,175000.0,175000.0,179000.0,296857.0,178371.578125
2019-12-20,187000.0,179500.0,180000.0,183500.0,560761.0,182855.78125
2019-12-23,185500.0,182000.0,185000.0,184000.0,250256.0,183354.015625
2019-12-24,184000.0,179000.0,184000.0,182000.0,193440.0,181361.03125
2019-12-26,183000.0,179000.0,181500.0,180500.0,173426.0,179866.296875
2019-12-27,185000.0,179000.0,182000.0,183500.0,323473.0,183237.484375
2019-12-30,190000.0,183500.0,183500.0,186500.0,376541.0,186233.1875
2020-01-02,188000.0,182000.0,187500.0,182500.0,300640.0,182238.90625
2020-01-03,186000.0,180500.0,185000.0,181500.0,454492.0,181240.34375
2020-01-06,182000.0,178000.0,180000.0,180500.0,287970.0,180241.765625
2020-01-07,187000.0,181500.0,182500.0,187000.0,328624.0,186732.46875
2020-01-08,183500.0,179000.0,182000.0,183000.0,820867.0,182738.1875
2020-01-09,186500.0,183500.0,183500.0,186000.0,531355.0,185733.90625
2020-01-10,188000.0,184000.0,185000.0,188000.0,398739.0,187731.046875
2020-01-13,188500.0,186000.0,187500.0,188000.0,337749.0,187731.046875
2020-01-14,194500.0,188000.0,188000.0,190500.0,501286.0,190227.46875
2020-01-15,192000.0,188500.0,189500.0,191500.0,323778.0,191226.03125
2020-01-16,192500.0,189000.0,190000.0,191500.0,245107.0,191226.03125
2020-01-17,192500.0,189500.0,190500.0,191000.0,286019.0,190726.75
2020-01-20,190500.0,187000.0,190000.0,187500.0,454733.0,187231.75
2020-01-21,189500.0,181000.0,187500.0,182000.0,547678.0,181739.625
2020-01-22,190000.0,184500.0,185000.0,186000.0,429852.0,185733.90625
2020-01-23,185500.0,181500.0,185000.0,183000.0,375929.0,182738.1875
2020-01-28,184500.0,178000.0,182000.0,178500.0,476253.0,178244.625
2020-01-29,183500.0,180000.0,183000.0,180000.0,434897.0,179742.484375
2020-01-30,183000.0,175000.0,179500.0,180000.0,772160.0,179742.484375
2020-01-31,180500.0,177500.0,180000.0,179500.0,537062.0,179243.203125
2020-02-03,180500.0,176000.0,178000.0,177500.0,485913.0,177246.0625
2020-02-04,181500.0,175000.0,177500.0,180500.0,563463.0,180241.765625
2020-02-05,183500.0,178500.0,181000.0,181500.0,653809.0,181240.34375
2020-02-06,183500.0,180500.0,182500.0,181500.0,659850.0,181240.34375
2020-02-07,188500.0,181000.0,181500.0,185000.0,728633.0,184735.328125
2020-02-10,184000.0,180500.0,182500.0,183500.0,433051.0,183237.484375
2020-02-11,185000.0,183000.0,183500.0,184500.0,400386.0,184236.046875
2020-02-12,185000.0,181500.0,183000.0,185000.0,351892.0,184735.328125
2020-02-13,185000.0,183000.0,184000.0,184500.0,555923.0,184236.046875
2020-02-14,187500.0,184000.0,184000.0,186500.0,659429.0,186233.1875
2020-02-17,189000.0,184500.0,184500.0,188500.0,312407.0,188230.328125
2020-02-18,188500.0,185500.0,186500.0,186500.0,345642.0,186233.1875
2020-02-19,191000.0,185000.0,188000.0,189500.0,560743.0,189228.890625
2020-02-20,191500.0,187500.0,189500.0,190000.0,427402.0,189728.1875
2020-02-21,191000.0,187000.0,187500.0,189500.0,434019.0,189228.890625
2020-02-24,187500.0,183500.0,185500.0,184000.0,567036.0,183736.765625
2020-02-25,191000.0,183500.0,184000.0,190500.0,704859.0,190227.46875
2020-02-26,190000.0,186500.0,189500.0,187000.0,494066.0,186732.46875
2020-02-27,187000.0,179000.0,185000.0,182000.0,535696.0,181739.625
2020-02-28,180000.0,172000.0,179000.0,174000.0,830654.0,173751.0625
2020-03-02,177000.0,172500.0,175000.0,175000.0,659376.0,174749.640625
2020-03-03,180000.0,174000.0,179000.0,175000.0,544379.0,174749.640625
2020-03-04,179500.0,173000.0,174500.0,178500.0,450252.0,178244.625
2020-03-05,181000.0,178500.0,180500.0,181000.0,483840.0,180741.0625
2020-03-06,181000.0,177500.0,179500.0,179500.0,293897.0,179243.203125
2020-03-09,179500.0,179500.0,179500.0,179500.0,0.0,179243.203125
2020-03-10,176000.0,165000.0,168000.0,172000.0,666532.0,171753.9375
2020-03-11,174000.0,167500.0,172000.0,170000.0,483822.0,169756.796875
2020-03-12,170000.0,170000.0,170000.0,170000.0,0.0,169756.796875
2020-03-13,168000.0,149500.0,151000.0,166000.0,1242510.0,165762.515625
2020-03-16,166500.0,155000.0,166000.0,155000.0,812823.0,154778.25
2020-03-17,155500.0,147000.0,147500.0,151000.0,979243.0,150783.96875
2020-03-18,156000.0,146000.0,152500.0,146000.0,666723.0,145791.125
2020-03-19,151500.0,135000.0,150000.0,144000.0,1154230.0,143793.984375
2020-03-20,156500.0,146000.0,147500.0,154000.0,997895.0,153779.6875
2020-03-23,149500.0,140000.0,141500.0,143000.0,1033851.0,142795.421875
2020-03-24,157000.0,148000.0,151500.0,156000.0,960786.0,155776.828125
2020-03-25,163000.0,152000.0,160500.0,156000.0,1039579.0,155776.828125
2020-03-26,158000.0,149500.0,156000.0,152500.0,988725.0,152281.828125
2020-03-27,164500.0,158500.0,161500.0,164000.0,1217815.0,163765.375
2020-03-30,165000.0,159000.0,160000.0,162500.0,630830.0,162267.515625
2020-03-31,171000.0,163500.0,163500.0,170000.0,858165.0,169756.796875
2020-04-01,171000.0,163000.0,166500.0,163000.0,720283.0,162766.8125
2020-04-02,175000.0,164500.0,166500.0,173500.0,1086863.0,173251.78125
2020-04-03,172500.0,168000.0,170000.0,172000.0,663454.0,171753.9375
2020-04-06,176000.0,170500.0,173500.0,173000.0,655547.0,172752.5
2020-04-07,174500.0,167500.0,174000.0,169500.0,873091.0,169257.515625
2020-04-08,169500.0,166500.0,169000.0,166500.0,588577.0,166261.796875
2020-04-09,169000.0,165000.0,168500.0,167500.0,682921.0,167260.375
2020-04-10,167000.0,164000.0,166000.0,166500.0,483720.0,166261.796875
2020-04-13,168000.0,162500.0,164500.0,166000.0,413768.0,165762.515625
2020-04-14,170000.0,166500.0,168000.0,168500.0,520725.0,168258.9375
2020-04-16,172500.0,167500.0,168000.0,170500.0,841066.0,170256.078125
2020-04-17,180000.0,173500.0,175500.0,179000.0,900031.0,178743.921875
2020-04-20,182000.0,179000.0,181000.0,180000.0,663723.0,179742.484375
2020-04-21,181500.0,173500.0,180500.0,178500.0,759150.0,178244.625
2020-04-22,182500.0,173000.0,175000.0,182000.0,611589.0,181739.625
2020-04-23,196000.0,186500.0,190000.0,190000.0,1521478.0,189728.1875
2020-04-24,197500.0,189000.0,189000.0,192500.0,928695.0,192224.609375
2020-04-27,200000.0,192500.0,193000.0,197500.0,927347.0,197217.453125
2020-04-28,198000.0,194500.0,197500.0,198000.0,433549.0,197716.734375
2020-04-29,200000.0,196500.0,199500.0,197500.0,676743.0,197217.453125
2020-05-04,203000.0,193500.0,198500.0,199000.0,1104027.0,198715.296875
2020-05-06,212500.0,200500.0,201500.0,212000.0,992225.0,211696.703125
2020-05-07,220000.0,210500.0,211500.0,215500.0,984024.0,215191.703125
2020-05-08,218500.0,212000.0,216000.0,214000.0,732394.0,213693.84375
2020-05-11,221000.0,214000.0,214500.0,214500.0,599328.0,214193.125
2020-05-12,226500.0,215000.0,218000.0,219500.0,1056584.0,219185.984375
2020-05-13,222500.0,213500.0,217500.0,218500.0,1014692.0,218187.40625
2020-05-14,222000.0,214500.0,214500.0,219000.0,866427.0,218686.6875
2020-05-15,219500.0,209500.0,219000.0,213000.0,1050469.0,212695.28125
2020-05-18,218000.0,211500.0,215000.0,215000.0,638906.0,214692.421875
2020-05-19,216500.0,210500.0,215000.0,213500.0,917603.0,213194.5625
2020-05-20,225500.0,215000.0,215500.0,222000.0,977544.0,221682.40625
2020-05-21,233500.0,222500.0,227500.0,225000.0,1004395.0,224678.109375
2020-05-22,232500.0,222500.0,227000.0,230500.0,1108281.0,230170.234375
2020-05-25,241000.0,234000.0,234500.0,241000.0,1015069.0,240655.21875
2020-05-26,246000.0,230000.0,244000.0,239000.0,1568016.0,238658.078125
2020-05-27,234500.0,226500.0,231000.0,228500.0,1351505.0,228173.09375
2020-05-28,241000.0,222000.0,226000.0,240500.0,1625154.0,240155.9375
2020-05-29,243000.0,226000.0,240000.0,226000.0,3114298.0,225676.671875
2020-06-01,237000.0,230000.0,233500.0,237000.0,1140644.0,236660.9375
2020-06-02,236000.0,232000.0,235000.0,234000.0,689584.0,233665.234375
2020-06-03,235500.0,225000.0,235000.0,225500.0,1476614.0,225177.390625
2020-06-04,235000.0,227000.0,228000.0,232500.0,1052789.0,232167.375
2020-06-05,231000.0,225000.0,229000.0,231000.0,1061922.0,230669.53125
2020-06-08,242000.0,231000.0,234500.0,240500.0,1624752.0,240155.9375
2020-06-09,243000.0,235500.0,240000.0,237500.0,934440.0,237160.21875
2020-06-10,247500.0,240000.0,241000.0,244000.0,1431071.0,243650.921875
2020-06-11,249000.0,239000.0,244000.0,240500.0,1423978.0,240155.9375
2020-06-12,242500.0,228500.0,229000.0,242000.0,1318334.0,241653.78125
2020-06-15,244500.0,230500.0,240000.0,231500.0,1311773.0,231168.8125
2020-06-16,243500.0,236000.0,239000.0,243500.0,1155474.0,243151.640625
2020-06-17,252000.0,243500.0,244000.0,251000.0,1357900.0,250640.90625
2020-06-18,254000.0,247000.0,251500.0,247500.0,744330.0,247145.921875
2020-06-19,250000.0,244000.0,250000.0,249500.0,919945.0,249143.0625
2020-06-22,271500.0,247500.0,249500.0,270000.0,1841479.0,269613.71875
2020-06-23,289000.0,270500.0,272000.0,276000.0,2104075.0,275605.15625
2020-06-24,279500.0,270500.0,273500.0,279000.0,995065.0,278600.84375
2020-06-25,276500.0,269500.0,273500.0,269500.0,1196267.0,269114.4375
2020-06-26,275000.0,263000.0,274500.0,269000.0,937593.0,268615.15625
2020-06-29,270500.0,261000.0,265000.0,264000.0,814814.0,263622.3125
2020-06-30,270500.0,263000.0,268000.0,267000.0,862860.0,266618.03125
2020-07-01,275000.0,266000.0,270000.0,269000.0,655711.0,268615.15625
2020-07-02,277000.0,271000.0,274000.0,277000.0,1015829.0,276603.71875
2020-07-03,280500.0,274500.0,276500.0,277500.0,971940.0,277103.0
2020-07-06,287500.0,278000.0,278000.0,281500.0,1211636.0,281097.28125
2020-07-07,289500.0,279000.0,285000.0,279500.0,1365047.0,279100.125
2020-07-08,284500.0,274000.0,280000.0,282500.0,1353345.0,282095.84375
2020-07-09,296500.0,284500.0,286500.0,287500.0,2006662.0,287088.6875
2020-07-10,308500.0,290000.0,291500.0,299000.0,2120904.0,298572.25
2020-07-13,303500.0,288000.0,303500.0,297000.0,1254800.0,296575.09375
2020-07-14,291000.0,285000.0,290000.0,287000.0,1360849.0,286589.40625
2020-07-15,293000.0,280500.0,290500.0,286500.0,1276196.0,286090.125
2020-07-16,285000.0,272000.0,283000.0,273000.0,1338814.0,272609.4375
2020-07-17,279500.0,266000.0,270000.0,276000.0,926932.0,275605.15625
2020-07-20,278000.0,260500.0,276500.0,263000.0,1556415.0,262623.75
2020-07-21,273500.0,269000.0,273000.0,270000.0,1179638.0,269613.71875
2020-07-22,272500.0,261500.0,264000.0,270000.0,905784.0,269613.71875
2020-07-23,284000.0,271000.0,272000.0,284000.0,1396607.0,283593.6875
2020-07-24,290500.0,278500.0,281000.0,281000.0,1233584.0,280598.0
2020-07-27,287500.0,276500.0,281000.0,284500.0,691075.0,284093.0
2020-07-28,292000.0,284000.0,289500.0,288000.0,978238.0,287587.96875
2020-07-29,292000.0,283000.0,286000.0,292000.0,964066.0,291582.25
2020-07-30,297500.0,291000.0,296000.0,294000.0,1150474.0,293579.40625
2020-07-31,303000.0,296500.0,299000.0,301000.0,1567503.0,300569.375
2020-08-03,314500.0,299000.0,301500.0,314500.0,1341104.0,314050.0625
2020-08-04,322000.0,307500.0,317500.0,311000.0,1330818.0,310555.0625
2020-08-05,314500.0,306500.0,312000.0,313500.0,809939.0,313051.5
2020-08-06,322000.0,310500.0,313000.0,322000.0,1032045.0,321539.34375
2020-08-07,325500.0,312000.0,324500.0,314000.0,1063254.0,313550.78125
2020-08-10,314500.0,303500.0,308500.0,313500.0,968592.0,313051.5
2020-08-11,314500.0,307500.0,311000.0,311500.0,665863.0,311054.34375
2020-08-12,311000.0,303500.0,308000.0,305000.0,856711.0,304563.65625
2020-08-13,311500.0,304000.0,310000.0,307000.0,1406370.0,306560.78125
2020-08-14,308500.0,303000.0,305000.0,305000.0,608156.0,304563.65625
2020-08-18,317500.0,305000.0,307500.0,307500.0,1494966.0,307060.09375
2020-08-19,316000.0,305500.0,311500.0,315000.0,941038.0,314549.34375
2020-08-20,319000.0,302500.0,315000.0,305500.0,1186809.0,305062.9375
2020-08-21,314500.0,308000.0,311500.0,312500.0,781961.0,312052.9375
2020-08-24,320000.0,310000.0,313000.0,320000.0,783392.0,319542.1875
2020-08-25,325000.0,317000.0,323000.0,325000.0,897649.0,324535.03125
2020-08-26,338500.0,321000.0,321500.0,334000.0,1155853.0,333522.15625
2020-08-27,347000.0,336500.0,337000.0,337000.0,1232239.0,336517.875
2020-08-28,338500.0,329500.0,337000.0,333000.0,969408.0,332523.59375
2020-08-31,340000.0,322000.0,336500.0,322500.0,1528978.0,322038.625
2020-09-01,329500.0,322000.0,322500.0,324500.0,691864.0,324035.75
2020-09-02,335500.0,327000.0,332500.0,332500.0,808064.0,332024.3125
2020-09-03,339500.0,329500.0,333500.0,339000.0,776547.0,338515.03125
2020-09-04,335000.0,322000.0,322500.0,328500.0,1174337.0,328030.03125
2020-09-07,325500.0,313500.0,325500.0,314500.0,1308247.0,314050.0625
2020-09-08,318000.0,305500.0,316000.0,311000.0,989171.0,310555.0625
2020-09-09,307000.0,300000.0,303000.0,304500.0,925825.0,304064.375
2020-09-10,311000.0,305000.0,309000.0,307500.0,834946.0,307060.09375
2020-09-11,307000.0,301000.0,302500.0,306000.0,517023.0,305562.21875
2020-09-14,308000.0,300000.0,307500.0,303000.0,608816.0,302566.53125
2020-09-15,314000.0,303000.0,304000.0,312000.0,797985.0,311553.65625
2020-09-16,312000.0,306000.0,311500.0,307000.0,696219.0,306560.78125
2020-09-17,304000.0,299000.0,302500.0,300500.0,823516.0,300070.09375
2020-09-18,302000.0,296000.0,299500.0,298000.0,750488.0,297573.6875
2020-09-21,301500.0,292000.0,297000.0,292000.0,656024.0,291582.25
2020-09-22,295000.0,282000.0,290500.0,284500.0,864846.0,284093.0
2020-09-23,298000.0,285500.0,290000.0,296500.0,984136.0,296075.8125
2020-09-24,295500.0,287000.0,291500.0,294000.0,848971.0,293579.40625
2020-09-25,297500.0,289500.0,296000.0,295000.0,648182.0,294577.96875
2020-09-28,302000.0,296000.0,297000.0,298500.0,724465.0,298072.96875
2020-09-29,303000.0,294000.0,303000.0,296500.0,765489.0,296075.8125
2020-10-05,299000.0,289500.0,297500.0,298500.0,906516.0,298072.96875
2020-10-06,307500.0,296500.0,299500.0,305000.0,868540.0,304563.65625
2020-10-07,305000.0,299500.0,302000.0,305000.0,534644.0,304563.65625
2020-10-08,307500.0,300000.0,307500.0,301000.0,756735.0,300569.375
2020-10-12,303000.0,291500.0,303000.0,292000.0,914860.0,291582.25
2020-10-13,298000.0,292000.0,292000.0,295000.0,636487.0,294577.96875
2020-10-14,301000.0,293000.0,295000.0,298500.0,759464.0,298072.96875
2020-10-15,300500.0,291000.0,300500.0,292500.0,624097.0,292081.53125
2020-10-16,297500.0,291500.0,292500.0,293500.0,446832.0,293080.125
2020-10-19,296500.0,286000.0,293500.0,286000.0,434420.0,285590.84375
2020-10-20,291000.0,281000.0,286500.0,290000.0,535870.0,289585.125
2020-10-21,301000.0,291000.0,292500.0,297500.0,640501.0,297074.375
2020-10-22,296000.0,292000.0,295000.0,293000.0,416425.0,292580.8125
2020-10-23,295500.0,286000.0,295500.0,286500.0,451654.0,286090.125
2020-10-26,289000.0,281500.0,286500.0,281500.0,349163.0,281097.28125
2020-10-27,288500.0,280500.0,281500.0,283500.0,2071432.0,283094.40625
2020-10-28,298500.0,281500.0,282000.0,298500.0,698195.0,298072.96875
2020-10-29,301000.0,294500.0,297000.0,298500.0,785050.0,298072.96875
2020-10-30,300000.0,290000.0,299000.0,290000.0,939833.0,289585.125
2020-11-02,293000.0,285500.0,292000.0,285500.0,503831.0,285091.5625
2020-11-03,287000.0,280000.0,284000.0,283000.0,1066923.0,282595.125
2020-11-04,300500.0,282000.0,282500.0,298500.0,1623712.0,298072.96875
2020-11-05,302000.0,291500.0,295000.0,299000.0,1082388.0,298572.25
2020-11-06,307000.0,299000.0,303000.0,301000.0,968971.0,300569.375
2020-11-09,304500.0,298000.0,304000.0,298000.0,678531.0,297573.6875
2020-11-10,288000.0,282000.0,287000.0,283000.0,1728995.0,282595.125
2020-11-11,283000.0,277500.0,281000.0,280000.0,1183499.0,279599.4375
2020-11-12,285500.0,279000.0,283000.0,279000.0,1016673.0,278600.84375
2020-11-13,282000.0,277500.0,277500.0,281000.0,710865.0,280598.0
2020-11-16,283000.0,277500.0,282500.0,278000.0,887878.0,277602.28125
2020-11-17,278000.0,273500.0,277500.0,275000.0,816320.0,274606.5625
2020-11-18,283500.0,274000.0,274500.0,281000.0,912899.0,280598.0
2020-11-19,284000.0,279500.0,282500.0,280500.0,520114.0,280098.71875
2020-11-20,283500.0,278500.0,281500.0,281000.0,439077.0,280598.0
2020-11-23,282500.0,278500.0,282000.0,281500.0,565213.0,281097.28125
2020-11-24,287000.0,280000.0,281500.0,282500.0,809745.0,282095.84375
2020-11-25,287000.0,278500.0,287000.0,278500.0,909937.0,278101.5625
2020-11-26,285500.0,280000.0,280000.0,285500.0,797094.0,285091.5625
2020-11-27,287500.0,283000.0,287000.0,284500.0,417510.0,284093.0
2020-11-30,286500.0,277500.0,286000.0,277500.0,1176272.0,277103.0
2020-12-01,286000.0,280000.0,282000.0,285500.0,709278.0,285091.5625
2020-12-02,287000.0,282000.0,287000.0,283500.0,601596.0,283094.40625
2020-12-03,287000.0,283500.0,285000.0,287000.0,740985.0,286589.40625
2020-12-04,295500.0,284500.0,287500.0,294000.0,1174932.0,293579.40625
2020-12-07,300500.0,288000.0,300000.0,289500.0,821860.0,289085.84375
2020-12-08,291500.0,285000.0,291500.0,285000.0,566981.0,284592.28125
2020-12-09,289000.0,285000.0,285500.0,288000.0,533304.0,287587.96875
2020-12-10,290000.0,284500.0,288000.0,286000.0,959427.0,285590.84375
2020-12-11,291500.0,287500.0,288000.0,290000.0,503588.0,289585.125
2020-12-14,294000.0,286000.0,292500.0,286000.0,555272.0,285590.84375
2020-12-15,287500.0,282500.0,286500.0,283000.0,491995.0,282595.125
2020-12-16,287000.0,283000.0,286500.0,285500.0,381896.0,285091.5625
2020-12-17,287000.0,282000.0,286000.0,285000.0,522344.0,284592.28125
2020-12-18,285500.0,282000.0,284000.0,282500.0,487305.0,282095.84375
2020-12-21,285500.0,280000.0,284000.0,284000.0,473545.0,283593.6875
2020-12-22,293500.0,284000.0,285000.0,284000.0,750095.0,283593.6875
2020-12-23,289000.0,283000.0,288500.0,284000.0,508019.0,283593.6875
2020-12-24,284500.0,280000.0,284500.0,282000.0,453095.0,281596.5625
2020-12-28,282500.0,280000.0,282000.0,281000.0,537848.0,280598.0
2020-12-29,285000.0,280500.0,281500.0,283000.0,506090.0,283000.0
2020-12-30,293000.0,284000.0,285000.0,292500.0,1190327.0,292500.0
2021-01-04,294000.0,285500.0,291500.0,293000.0,947178.0,293000.0
2021-01-05,292500.0,286500.0,291500.0,292500.0,912657.0,292500.0
2021-01-06,300500.0,289500.0,292500.0,290000.0,1375856.0,290000.0
2021-01-07,292000.0,286500.0,288500.0,289500.0,1155734.0,289500.0
2021-01-08,312000.0,290000.0,293500.0,312000.0,3175396.0,312000.0
2021-01-11,323500.0,301000.0,320000.0,309000.0,2765169.0,309000.0
2021-01-12,308500.0,292500.0,305000.0,304000.0,1573299.0,304000.0
2021-01-13,317500.0,304000.0,306000.0,314000.0,1894304.0,314000.0
2021-01-14,326000.0,314000.0,318500.0,318000.0,1548585.0,318000.0
2021-01-15,323000.0,305500.0,320500.0,306000.0,1106810.0,306000.0
2021-01-18,308500.0,300000.0,304500.0,300500.0,864969.0,300500.0
2021-01-19,310500.0,299500.0,303500.0,308000.0,880238.0,308000.0
2021-01-20,313500.0,302000.0,313500.0,308000.0,885472.0,308000.0
2021-01-21,326000.0,316000.0,316500.0,322500.0,1941446.0,322500.0
2021-01-22,350000.0,326000.0,332000.0,343500.0,3303950.0,343500.0
2021-01-25,353000.0,340000.0,349000.0,349000.0,1593848.0,349000.0
2021-01-26,351000.0,338000.0,350500.0,342000.0,1247284.0,342000.0
2021-01-27,352000.0,339500.0,347000.0,341500.0,1149246.0,341500.0
2021-01-28,366000.0,335000.0,336000.0,355000.0,2285696.0,355000.0
2021-01-29,362000.0,340500.0,362000.0,343000.0,1607894.0,343000.0
2021-02-01,352500.0,341500.0,346500.0,348000.0,988630.0,348000.0
2021-02-02,373000.0,353000.0,358000.0,362500.0,1951062.0,362500.0
2021-02-03,371000.0,361000.0,366500.0,370500.0,1197680.0,370500.0
2021-02-04,368500.0,356000.0,368000.0,358000.0,1160116.0,358000.0
2021-02-05,371500.0,356500.0,363500.0,362500.0,982325.0,362500.0
2021-02-08,364500.0,357000.0,361500.0,357500.0,712484.0,357500.0
2021-02-09,362000.0,355000.0,359500.0,358500.0,667655.0,358500.0
2021-02-10,368500.0,359000.0,365000.0,366500.0,1147417.0,366500.0
2021-02-15,388000.0,378000.0,383500.0,385500.0,1172475.0,385500.0
2021-02-16,405000.0,390000.0,391500.0,394000.0,1567108.0,394000.0
2021-02-17,396500.0,386000.0,396500.0,392000.0,1161595.0,392000.0
2021-02-18,400000.0,386500.0,391500.0,388000.0,1020222.0,388000.0
2021-02-19,398500.0,385500.0,387000.0,398000.0,1047043.0,398000.0
2021-02-22,405500.0,384500.0,400000.0,386500.0,1289395.0,386500.0
2021-02-23,394500.0,378500.0,379000.0,390500.0,1017577.0,390500.0
2021-02-24,391500.0,374000.0,389500.0,374000.0,1078485.0,374000.0
2021-02-25,384500.0,374500.0,380500.0,383000.0,757476.0,383000.0
2021-02-26,378500.0,368500.0,372000.0,375000.0,1170208.0,375000.0
2021-03-02,390000.0,375500.0,389000.0,377500.0,1240322.0,377500.0
2021-03-03,399500.0,377500.0,379000.0,399500.0,1287551.0,399500.0
2021-03-04,401000.0,389000.0,392000.0,391500.0,1585134.0,391500.0
2021-03-05,386500.0,371000.0,386000.0,377500.0,1594386.0,377500.0
2021-03-08,386000.0,366500.0,382000.0,368500.0,1031748.0,368500.0
2021-03-09,371500.0,350000.0,366500.0,361500.0,1313900.0,361500.0
2021-03-10,378000.0,368000.0,373000.0,372000.0,946917.0,372000.0
2021-03-11,377500.0,366000.0,372500.0,373500.0,1024741.0,373500.0
2021-03-12,396000.0,378500.0,396000.0,380500.0,969276.0,380500.0
2021-03-15,385500.0,377500.0,382000.0,383000.0,609496.0,383000.0
2021-03-16,389500.0,384000.0,384500.0,385500.0,574082.0,385500.0
2021-03-17,391500.0,380500.0,388000.0,383500.0,1200355.0,383500.0
2021-03-18,410000.0,386500.0,388500.0,403500.0,1818409.0,403500.0
2021-03-19,407500.0,395000.0,397000.0,402000.0,1258199.0,402000.0
2021-03-22,405500.0,393000.0,402500.0,396500.0,911358.0,396500.0
2021-03-23,399000.0,384000.0,397000.0,386000.0,1167110.0,386000.0
2021-03-24,387000.0,376000.0,380000.0,387000.0,763754.0,387000.0
2021-03-25,384000.0,378000.0,381500.0,380000.0,672585.0,380000.0
2021-03-26,383000.0,377000.0,380000.0,383000.0,691786.0,383000.0
2021-03-29,384000.0,372000.0,383500.0,372000.0,878014.0,372000.0
2021-03-30,381000.0,373500.0,373500.0,376500.0,623997.0,376500.0
2021-03-31,383000.0,377000.0,379500.0,377000.0,568103.0,377000.0
2021-04-01,379000.0,372000.0,375500.0,378500.0,547402.0,378500.0
2021-04-02,382500.0,378000.0,381500.0,379500.0,476668.0,379500.0
2021-04-05,380000.0,374500.0,379500.0,377000.0,421508.0,377000.0
2021-04-06,391000.0,378000.0,378500.0,388500.0,997518.0,388500.0
2021-04-07,391000.0,381500.0,390500.0,384500.0,578490.0,384500.0
2021-04-08,387000.0,380000.0,384500.0,381500.0,626575.0,381500.0
2021-04-09,385000.0,381500.0,382000.0,383500.0,469100.0,383500.0
2021-04-12,393000.0,383000.0,384500.0,385500.0,680329.0,385500.0
2021-04-13,389000.0,382000.0,384000.0,388500.0,586643.0,388500.0
2021-04-14,398000.0,390000.0,391500.0,391500.0,757969.0,391500.0
2021-04-15,398500.0,386500.0,391500.0,391000.0,889538.0,391000.0
2021-04-16,395000.0,391000.0,394500.0,391500.0,423962.0,391500.0
2021-04-19,393500.0,388500.0,391500.0,390000.0,449064.0,390000.0
2021-04-20,391500.0,387500.0,389000.0,391000.0,417892.0,391000.0
2021-04-21,389000.0,380500.0,389000.0,380500.0,835828.0,380500.0
2021-04-22,384500.0,380000.0,382000.0,380500.0,394350.0,380500.0
2021-04-23,379500.0,374000.0,377500.0,378000.0,505140.0,378000.0
2021-04-26,379000.0,374500.0,376500.0,377500.0,484369.0,377500.0
2021-04-27,381500.0,376000.0,378000.0,380000.0,392509.0,380000.0
2021-04-28,382000.0,373000.0,381500.0,373500.0,485971.0,373500.0
2021-04-29,377500.0,366000.0,373500.0,366500.0,743106.0,366500.0
2021-04-30,366000.0,353500.0,366000.0,359500.0,1028215.0,359500.0
2021-05-03,370500.0,360500.0,366000.0,363000.0,507361.0,363000.0
2021-05-04,367000.0,360500.0,366000.0,364500.0,398383.0,364500.0
2021-05-06,364500.0,359500.0,360500.0,361500.0,632873.0,361500.0
2021-05-07,364000.0,360000.0,360500.0,361000.0,446152.0,361000.0
